{
  "disableCrouchMining": false,
  "disableExtraToolDamage": false,
  "disableExtraFoodExhaustion": false,
  "treeLifeLength": 4.0,
  "dynamicMiningSpeed": {
    "disable": false,
    "speedMultiplication": 0.5,
    "maxSpeedMultiplication": 16.0
  },
  "trees": {
    "standardTree": {
      "algorithm": {
        "maxLeavesRadius": 10,
        "maxLogAmount": 256,
        "shouldFallOnMaxLogAmount": false,
        "shouldIgnorePersistentLeaves": true
      },
      "logFilter": {
        "whitelistedTags": [
          "minecraft:logs"
        ],
        "whitelist": [],
        "blacklist": []
      },
      "leavesFilter": {
        "whitelistedTags": [
          "minecraft:leaves"
        ],
        "whitelist": [],
        "blacklist": []
      },
      "extraBlockFilter": {
        "whitelistedTags": [],
        "whitelist": [
          "minecraft:vine",
          "minecraft:bee_nest",
          "minecraft:cocoa"
        ],
        "blacklist": []
      },
      "enabled": true,
      "onlyFallWithRequiredTool": false,
      "allowedToolFilter": {
        "whitelistedTags": [],
        "whitelist": [
          "minecraft:wooden_axe",
          "minecraft:stone_axe",
          "minecraft:iron_axe",
          "minecraft:golden_axe",
          "minecraft:diamond_axe",
          "minecraft:netherite_axe"
        ],
        "blacklist": []
      }
    },
    "verticalTree": {
      "filter": {
        "whitelistedTags": [],
        "whitelist": [
          "minecraft:cactus",
          "minecraft:bamboo"
        ],
        "blacklist": []
      },
      "enabled": true,
      "onlyFallWithRequiredTool": false,
      "allowedToolFilter": {
        "whitelistedTags": [],
        "whitelist": [],
        "blacklist": []
      }
    },
    "chorusTree": {
      "enabled": true,
      "onlyFallWithRequiredTool": false,
      "allowedToolFilter": {
        "whitelistedTags": [],
        "whitelist": [],
        "blacklist": []
      }
    },
    "mushroomTree": {
      "stemFilter": {
        "whitelistedTags": [],
        "whitelist": [
          "minecraft:mushroom_stem"
        ],
        "blacklist": []
      },
      "capFilter": {
        "whitelistedTags": [],
        "whitelist": [
          "minecraft:red_mushroom_block",
          "minecraft:brown_mushroom_block"
        ],
        "blacklist": []
      },
      "enabled": true,
      "onlyFallWithRequiredTool": false,
      "allowedToolFilter": {
        "whitelistedTags": [],
        "whitelist": [],
        "blacklist": []
      }
    }
  }
}